<?xml version="1.0" encoding="UTF-8"?>
<window>
	<defaultcontrol always="true">11</defaultcontrol>
	<controls>
		<include>PVRChannelNumberInput</include>
		<control type="group">
			<animation effect="fade" start="100" end="0" time="200" tween="sine" condition="$EXP[infodialog_active]">Conditional</animation>
			<control type="group">
				<depth>DepthOSD</depth>
				<include>OpenClose_Left</include>
				<include content="ContentPanel">
					<param name="width" value="941" />
				</include>
				<control type="fixedlist" id="11">
					<left>0</left>
					<width>100%</width>
					<height>100%</height>
					<onleft>PreviousChannelGroup</onleft>
					<onright>60</onright>
					<onup>11</onup>
					<ondown>11</ondown>
					<pagecontrol>60</pagecontrol>
					<movement>4</movement>
					<focusposition>5</focusposition>
					<scrolltime tween="cubic" easing="out">500</scrolltime>
					<focusedlayout height="90" width="875">
						<control type="image">
							<left>0</left>
							<right>0</right>
							<bottom>0</bottom>
							<texture colordiffuse="button_focus">lists/focus.png</texture>
							<visible>Control.hasFocus(11)</visible>
						</control>
						<control type="image">
							<right>20</right>
							<top>10</top>
							<width>80</width>
							<height>70</height>
							<aspectratio align="right">keep</aspectratio>
							<texture>$INFO[listitem.icon]</texture>
						</control>
						<control type="progress">
							<left>105</left>
							<top>58</top>
							<width>50</width>
							<height>12</height>
							<midtexture border="3">progress/texturebg_white.png</midtexture>
							<visible>ListItem.HasEpg</visible>
							<info>ListItem.Progress</info>
						</control>
						<control type="image">
							<right>110</right>
							<top>25</top>
							<width>40</width>
							<height>40</height>
							<texture>$VAR[PVRStatusImageVar]</texture>
						</control>
						<control type="label">
							<left>105</left>
							<top>5</top>
							<height>94</height>
							<right>120</right>
							<aligny>top</aligny>
							<font>font37</font>
							<animation effect="slide" start="0,0" end="0,14" time="0" condition="String.IsEmpty(ListItem.Title)">Conditional</animation>
							<label>$INFO[ListItem.Title]</label>
							<shadowcolor>text_shadow</shadowcolor>
						</control>
						<control type="label">
							<left>165</left>
							<top>46</top>
							<height>90</height>
							<right>120</right>
							<aligny>top</aligny>
							<font>font12</font>
							<label>$INFO[ListItem.Label]</label>
							<shadowcolor>text_shadow</shadowcolor>
						</control>
						<control type="label">
							<left>12</left>
							<top>0</top>
							<height>90</height>
							<width>75</width>
							<align>center</align>
							<aligny>center</aligny>
							<font>font32_title</font>
							<label>$INFO[ListItem.ChannelNumberLabel]</label>
							<shadowcolor>text_shadow</shadowcolor>
						</control>
						<!-- Add epg info box -->
						<control type="group">
							<visible>!String.IsEmpty(ListItem.Plot) + Control.HasFocus(11)</visible>
							<animation effect="fade" start="0" end="100" time="200">Focus</animation>
							<control type="image">
								<left>862</left>
								<top>-100</top>
								<width>1072</width>
								<height>500</height>
								<texture border="40">buttons/dialogbutton-nofo.png</texture>
							</control>
							<control type="label">
								<left>895</left>
								<top>-80</top>
								<width>1006</width>
								<height>30</height>
								<font>font45</font>
								<label>$INFO[ListItem.Title]</label>
								<shadowcolor>text_shadow</shadowcolor>
							</control>
							<control type="image">
								<left>895</left>
								<top>25</top>
								<width>320</width>
								<height>280</height>
								<aspectratio align="center" aligny="center">keep</aspectratio>
								<texture fallback="DefaultTVShows.png" >$INFO[Listitem.Icon]</texture>
							</control>
							<control type="textbox">
								<left>1225</left>
								<top>20</top>
								<width>650</width>
								<height>290</height>
								<font>font45</font>
								<label>$INFO[ListItem.Plot]</label>
								<autoscroll time="3000" delay="4000" repeat="5000">Skin.HasSetting(AutoScroll)</autoscroll>
							</control>
							<control type="label">
								<top>315</top>
								<left>920</left>
								<height>60</height>
								<width>950</width>
								<visible>!String.isempty(ListItem.NextTitle)</visible>
								<font>font37</font>
								<label>[COLOR grey]$LOCALIZE[19031]:[/COLOR] $INFO[ListItem.NextStartTime] $INFO[ListItem.NextTitle]</label>
								<shadowcolor>text_shadow</shadowcolor>
							</control>
						</control>
						<!-- /Add epg info box -->
					</focusedlayout>
					<itemlayout height="90" width="875">
						<control type="image">
							<right>20</right>
							<top>10</top>
							<width>80</width>
							<height>70</height>
							<aspectratio align="right">keep</aspectratio>
							<texture>$INFO[listitem.icon]</texture>
						</control>
						<control type="progress">
							<left>105</left>
							<top>58</top>
							<width>50</width>
							<height>12</height>
							<colordiffuse>88FFFFFF</colordiffuse>
							<visible>ListItem.HasEpg</visible>
							<info>ListItem.Progress</info>
						</control>
						<control type="image">
							<right>110</right>
							<top>25</top>
							<width>40</width>
							<height>40</height>
							<texture>$VAR[PVRStatusImageVar]</texture>
						</control>
						<control type="label">
							<left>105</left>
							<top>5</top>
							<height>94</height>
							<right>120</right>
							<aligny>top</aligny>
							<font>font37</font>
							<label>$INFO[ListItem.Title]</label>
							<animation effect="slide" start="0,0" end="0,14" time="0" condition="String.IsEmpty(ListItem.Title)">Conditional</animation>
							<shadowcolor>text_shadow</shadowcolor>
						</control>
						<control type="label">
							<left>165</left>
							<top>46</top>
							<height>90</height>
							<right>120</right>
							<aligny>top</aligny>
							<font>font12</font>
							<label>$INFO[ListItem.Label]</label>
							<shadowcolor>text_shadow</shadowcolor>
							<textcolor>grey</textcolor>
						</control>
						<control type="label">
							<left>12</left>
							<top>0</top>
							<height>90</height>
							<width>75</width>
							<align>center</align>
							<aligny>center</aligny>
							<font>font32_title</font>
							<label>$INFO[ListItem.ChannelNumberLabel]</label>
							<textcolor>grey</textcolor>
							<shadowcolor>text_shadow</shadowcolor>
						</control>
					</itemlayout>
				</control>
				<control type="scrollbar" id="60">
					<left>869</left>
					<width>12</width>
					<height>100%</height>
					<onleft>11</onleft>
					<texturesliderbackground />
					<onright>NextChannelGroup</onright>
					<ondown>61</ondown>
					<onup>61</onup>
					<animation effect="zoom" start="100,100" end="50,100" center="881,0" time="300" tween="sine" easing="inout" condition="!Control.HasFocus(60)">conditional</animation>
					<orientation>vertical</orientation>
				</control>
				<control type="image">
					<left>0</left>
					<bottom>0</bottom>
					<width>880</width>
					<height>115</height>
					<texture flipy="true">frame/InfoBar.png</texture>
				</control>
			</control>
			<control type="group">
				<depth>DepthOSD</depth>
				<include>Animation_TopSlide</include>
				<control type="image">
					<left>0</left>
					<width>880</width>
					<height>110</height>
					<texture>frame/InfoBar.png</texture>
				</control>
				<control type="label" id="2">
					<description>header label</description>
					<textoffsetx>40</textoffsetx>
					<width>830</width>
					<height>70</height>
					<font>font45</font>
					<aligny>center</aligny>
					<label>&lt; $INFO[VideoPlayer.ChannelGroup] &gt;</label>
					<shadowcolor>black</shadowcolor>
				</control>
			</control>
		</control>
	</controls>
</window>
